{"duration_s": 64.66094613075256, "energy_kwh": 5.038055180400074e-05, "co2eq_g": 0.0034021986633241703, "emissions_kg": 3.4021986633241702e-06, "country": null}